{
  "token_acc": 0.9999808396,
  "token_p": 0.9989078786,
  "token_r": 0.9995398685,
  "token_f": 0.9992237736,
  "pos_acc": 0.9842700076,
  "morph_acc": 0.9797741608,
  "morph_micro_p": 0.9943354663,
  "morph_micro_r": 0.9878280081,
  "morph_micro_f": 0.9910710552,
  "morph_per_feat": {
    "Definite": {
      "p": 0.9984319316,
      "r": 0.9991440799,
      "f": 0.9987878788
    },
    "Gender": {
      "p": 0.9956460158,
      "r": 0.9861277082,
      "f": 0.9908640042
    },
    "Number": {
      "p": 0.9981374413,
      "r": 0.9896506617,
      "f": 0.9938759345
    },
    "PronType": {
      "p": 0.9976945245,
      "r": 0.9919770774,
      "f": 0.9948275862
    },
    "PunctType": {
      "p": 0.9993621432,
      "r": 0.9990435198,
      "f": 0.9992028061
    },
    "VerbForm": {
      "p": 0.9906044472,
      "r": 0.9884375,
      "f": 0.9895197873
    },
    "Mood": {
      "p": 0.9802351764,
      "r": 0.9739000746,
      "f": 0.9770573566
    },
    "Person": {
      "p": 0.9919326552,
      "r": 0.9845082681,
      "f": 0.988206517
    },
    "Tense": {
      "p": 0.9821795751,
      "r": 0.9797174111,
      "f": 0.9809469481
    },
    "NumForm": {
      "p": 0.9869067103,
      "r": 0.9773095624,
      "f": 0.9820846906
    },
    "NumType": {
      "p": 0.9854077253,
      "r": 0.9655172414,
      "f": 0.9753610875
    },
    "Poss": {
      "p": 1.0,
      "r": 0.9963436929,
      "f": 0.9981684982
    },
    "PunctSide": {
      "p": 1.0,
      "r": 0.998,
      "f": 0.998998999
    },
    "Case": {
      "p": 0.9401561145,
      "r": 0.937716263,
      "f": 0.9389346037
    },
    "PrepCase": {
      "p": 1.0,
      "r": 0.9844720497,
      "f": 0.9921752739
    },
    "Reflex": {
      "p": 0.9919354839,
      "r": 0.9887459807,
      "f": 0.9903381643
    },
    "Degree": {
      "p": 0.9927007299,
      "r": 0.9679715302,
      "f": 0.9801801802
    },
    "Polarity": {
      "p": 1.0,
      "r": 0.9935064935,
      "f": 0.996742671
    },
    "AdvType": {
      "p": 0.9668508287,
      "r": 0.9308510638,
      "f": 0.9485094851
    },
    "Number[psor]": {
      "p": 1.0,
      "r": 0.9142857143,
      "f": 0.9552238806
    },
    "Foreign": {
      "p": 1.0,
      "r": 1.0,
      "f": 1.0
    }
  },
  "sents_p": 0.9660905541,
  "sents_r": 0.9833910579,
  "sents_f": 0.9746640401,
  "dep_uas": 0.9117397084,
  "dep_las": 0.8804890274,
  "dep_las_per_type": {
    "det": {
      "p": 0.9747887324,
      "r": 0.9792020374,
      "f": 0.9769904009
    },
    "nsubj": {
      "p": 0.8873085339,
      "r": 0.8899049012,
      "f": 0.888604821
    },
    "case": {
      "p": 0.9639445715,
      "r": 0.9658937719,
      "f": 0.9649181873
    },
    "amod": {
      "p": 0.9109185442,
      "r": 0.9147232858,
      "f": 0.9128169503
    },
    "nmod": {
      "p": 0.8398823844,
      "r": 0.8318771512,
      "f": 0.8358606012
    },
    "mark": {
      "p": 0.8968340611,
      "r": 0.9148106904,
      "f": 0.9057331863
    },
    "acl": {
      "p": 0.7471153846,
      "r": 0.74,
      "f": 0.7435406699
    },
    "advcl": {
      "p": 0.5823529412,
      "r": 0.6103575832,
      "f": 0.5960264901
    },
    "nummod": {
      "p": 0.8833922261,
      "r": 0.8818342152,
      "f": 0.8826125331
    },
    "obj": {
      "p": 0.8402268179,
      "r": 0.8385486019,
      "f": 0.839386871
    },
    "obl": {
      "p": 0.7488172043,
      "r": 0.7514026759,
      "f": 0.7501077122
    },
    "fixed": {
      "p": 0.865248227,
      "r": 0.8209959623,
      "f": 0.8425414365
    },
    "cc": {
      "p": 0.9296551724,
      "r": 0.9264604811,
      "f": 0.9280550775
    },
    "conj": {
      "p": 0.7072218608,
      "r": 0.6936821953,
      "f": 0.7003865979
    },
    "root": {
      "p": 0.9168162777,
      "r": 0.9262394196,
      "f": 0.9215037594
    },
    "flat": {
      "p": 0.8962264151,
      "r": 0.9278737791,
      "f": 0.9117755629
    },
    "xcomp": {
      "p": 0.8136020151,
      "r": 0.7936117936,
      "f": 0.8034825871
    },
    "advmod": {
      "p": 0.8537414966,
      "r": 0.8489289741,
      "f": 0.8513284341
    },
    "compound": {
      "p": 0.8792270531,
      "r": 0.7309236948,
      "f": 0.798245614
    },
    "expl:pv": {
      "p": 0.7894736842,
      "r": 0.8045977011,
      "f": 0.7969639469
    },
    "cop": {
      "p": 0.8823529412,
      "r": 0.9012875536,
      "f": 0.8917197452
    },
    "ccomp": {
      "p": 0.8327205882,
      "r": 0.8499061914,
      "f": 0.8412256267
    },
    "iobj": {
      "p": 0.7266666667,
      "r": 0.5422885572,
      "f": 0.6210826211
    },
    "aux": {
      "p": 0.9641319943,
      "r": 0.9559032717,
      "f": 0.96
    },
    "appos": {
      "p": 0.6530343008,
      "r": 0.690376569,
      "f": 0.6711864407
    },
    "expl:pass": {
      "p": 0.7623762376,
      "r": 0.8324324324,
      "f": 0.7958656331
    },
    "csubj": {
      "p": 0.7191011236,
      "r": 0.6736842105,
      "f": 0.6956521739
    },
    "parataxis": {
      "p": 0.6086956522,
      "r": 0.3333333333,
      "f": 0.4307692308
    },
    "expl:impers": {
      "p": 0.5,
      "r": 0.6875,
      "f": 0.5789473684
    },
    "orphan": {
      "p": 0.0,
      "r": 0.0,
      "f": 0.0
    },
    "dep": {
      "p": 0.0,
      "r": 0.0,
      "f": 0.0
    },
    "nsubj:pass": {
      "p": 0.0,
      "r": 0.0,
      "f": 0.0
    },
    "aux:pass": {
      "p": 0.0,
      "r": 0.0,
      "f": 0.0
    },
    "acl:relcl": {
      "p": 0.0,
      "r": 0.0,
      "f": 0.0
    }
  },
  "tag_acc": 0.9605935412,
  "lemma_acc": 0.9642436149,
  "ents_p": 0.8938116045,
  "ents_r": 0.8951031872,
  "ents_f": 0.8944569296,
  "ents_per_type": {
    "LOC": {
      "p": 0.8937359723,
      "r": 0.905,
      "f": 0.8993327174
    },
    "PER": {
      "p": 0.9367569469,
      "r": 0.9493797234,
      "f": 0.9430260968
    },
    "MISC": {
      "p": 0.8287117731,
      "r": 0.7947120498,
      "f": 0.8113558796
    },
    "ORG": {
      "p": 0.8464302827,
      "r": 0.81650104,
      "f": 0.8311963298
    }
  },
  "speed": 7821.2659219685
}